id,name,ok,issues,phones_on_page,source_status,website_status
1202-org-il-0bf488,1202 – איגוד מרכזי הסיוע לנפגעות ולנפגעי תקיפה מינית,True,,02-5328000 04-6566813 052-8361202,200,200
s-3f6563,ביטוח לאומי – קו חירום לפצועים ולמשפחות שכולות,True,,*6050 02-6269999 04-8812345 1-800-363-363,200,
clalit-co-il-0710f5,כללית – מוקד טלפוני לבריאות הנפש (*8703),False,source_url לא נגיש (403) ; אין אף עמוד נגיש לאימות,,403,
leumit-co-il-2fd3d7,לאומית – קו כוננים לבריאות הנפש (*507),False,הטלפון במאגר לא מופיע בעמוד,02-5675190 03-5688841 04-6158130 04-9091900 054-7172244 072-2000272 073-2800539 074-7292600,200,
shikum-mod-gov-il-cd9956,"מוקד ""נפש אחת"" *8944 – קו תמיכה נפשית 24/7 (Nefesh Achat support line)",True,,,200,200
s-97f497,"מוקד ""קשר עד"" – ליווי פצועים דרך מוקד השירות של צה""ל",False,שם הגוף לא מופיע בעמוד ; הטלפון במאגר לא מופיע בעמוד,*6789 0000000000 0000000016 0000001096 0000002028 0000002156 0000003443 0000003557,200,
shikum-mod-gov-il-cbf1f7,מוקד *6500 לפצועי מלחמת התקומה (חרבות ברזל) – אגף השיקום,True,,03-6401400 03-7776777,200,200
maccabi4u-co-il-f6376e,מכבי – מוקד סיוע נפשי טלפוני (*3028),True,,*3555,200,
btl-gov-il-b3abee,מרכז החוסן הארצי הטיפולי *5486,True,,*2496 *6050 02-5645024 02-6269999 02-6778153 03-7472010 04-6111891 04-6900603,200,200
natal-org-il-e49db4,"נט""ל – קו סיוע לנפגעי טראומה על רקע לאומי (NATAL)",True,,*3362,200,200
sahar-org-il-50ed06,"סה""ר – סיוע והקשבה ברשת",True,,,200,200
eran-org-il-4f39e6,"ער""ן – עזרה ראשונה נפשית בטלפון ובאינטרנט",True,,052-999-3544 076-8844400 1-700-70-1201,200,200
btl-gov-il-9d4141,"קו סיוע ייעודי לנפגעי פעולות איבה עם פוסט טראומה (ביטוח לאומי – ""נפש אחת"")",True,,*2496 *6050 02-6269999 04-8812345 1-800-363-363,200,200
s-7acfcf,אחים של יונתן – פרויקט 'מעבר לטראומה' (Brothers of Jonathan),True,,,200,
havayot-center-co-il-f2df8f,"מרכז חוויות – טיפול בבעלי חיים ורכיבה לנכי צה""ל ונפגעי איבה",True,,02-9931988 054-3022260 1-800-705-1626,200,200
israelguidedog-org-il-49be3a,מרכז כלבי נחייה לעיוורים בישראל – כלבי שירות לפוסט טראומה (Israel Guide Dog Center),True,,08-9408213,200,200
israelguidedog-org-il-0cf4e4,מרכז כלבי נחייה – כלבי תמיכה רגשית למשפחות שנפגעו מהמלחמה,True,,08-9408213,200,200
photoisrael-org-b11f66,PHOTO IS:RAEL – תוכנית PhotoVoice לנפגעי המלחמה,True,,,200,200
sos-israel-org-fa1518,SOS ISRAEL – קורס סטוריטלינג ללוחמים ולוחמות (Support Our Soldiers),True,,,200,200
icm-org-il-5c59e7,Soul Key – לימודי מוזיקה ללוחמים עם פוסט-טראומה,True,,03-5460524 03-5466228 03-6055169,200,
shikum-mod-gov-il-2f4310,"מרכזי היצירה השיקומיים לנכי צה""ל (משרד הביטחון ואוניברסיטת בר-אילן)",False,הטלפון במאגר לא מופיע בעמוד,03-6821285,200,200
projecthed-org-3fc558,פרויקט הד' – יצירה מוזיקלית ללוחמים,True,,054-6683533,200,200
inz-org-il-b68995,"בתי הלוחם – ארגון נכי צה""ל",False,website לא נגיש (403) ; שם הגוף לא מופיע בעמוד,,200,403
levechad-org-73dd3b,לב אחד (Lev Echad) – סיוע מתנדבים למשפחות,True,,*3197,200,200
s-6de9e7,"""ממילואים ללימודים"" – קצין המילואים הראשי",True,,08-6199226 086776032,200,
miluimtech-com-06d5ab,MiluimTech (מילואים טק),True,,,200,200
biu-ac-il-90555b,אוניברסיטת בר-אילן – מלגות והסדרים לסטודנטים משרתי מילואים,True,,03-5317000 052-6171988,200,200
inz-org-il-c2788c,"ארגון נכי צה""ל – אגף תעסוקה והשכלה",False,source_url לא נגיש (410) ; website לא נגיש (403) ; אין אף עמוד נגיש לאימות,,410,403
innovationisrael-org-il-726b58,הזנק להייטק – התנסות מעשית למשרתי מילואים,True,,*8041 052-4189734,200,200
hachvana-mod-gov-il-543dde,היחידה להכוונת חיילים משוחררים (האגף לחיילים משוחררים ומילואים),True,,,200,200
innovationisrael-org-il-c39e04,הכשרות AI למשרתי מילואים – רשות החדשנות,True,,*8041 052-4189734,200,200
shikum-mod-gov-il-86fc20,"הלוואה להקמת עסק לנכי צה""ל וכוחות הביטחון",False,הטלפון במאגר לא מופיע בעמוד,,200,200
s-439179,התאמות אקדמיות למשרתי מילואים ולבני/בנות זוג,False,שם הגוף לא מופיע בעמוד,0000000000 0000000486 0000005583 0000005603 0000011285 0000011306 0000013049 0000013070,200,
mishpahot-hantzaha-mod-g-cf3a6e,מימון לימודים לאחים שכולים,False,הטלפון במאגר לא מופיע בעמוד,,200,200
fidf-org-46d014,"מלגת IMPACT! – ידידי צה""ל (FIDF)",False,website לא נגיש (403) ; שם הגוף לא מופיע בעמוד ; הטלפון במאגר לא מופיע בעמוד,,200,403
s-4542fc,מלגת גראס למשרתי מילואים לוחמים – עזריאלי מכללה אקדמית להנדסה ירושלים,False,שם הגוף לא מופיע בעמוד,,200,
s-924578,"מלגת משרתי מילואים – משרד הביטחון/צה""ל",False,source_url לא נגיש (403) ; אין אף עמוד נגיש לאימות,,403,
s-a8cf52,נקודות זכות והתאמות אקדמיות למשרתי מילואים (הוראת שעה – כללי זכויות הסטודנט),True,,,200,
s-410036,סיוע לסטודנטים משרתי מילואים – תגבור לימודי והחזר קורסים,False,source_url לא נגיש (403) ; אין אף עמוד נגיש לאימות,,403,
shikum-mod-gov-il-ce9f44,פעילויות טרום-שיקום (לימודיות וחוויתיות) לנכים עם פוסט טראומה,True,,,200,200
shikum-mod-gov-il-6b9358,"שיקום תעסוקתי ומימון לימודים לנכי צה""ל – אגף השיקום",False,הטלפון במאגר לא מופיע בעמוד,072-7208166,200,200
s-31a611,שירות התעסוקה – תכניות ויריד תעסוקה למשרתי מילואים,True,,03-5613699 03-7619056,200,
perach-org-il-89242c,"תוספת למלגת פר""ח לסטודנטים משרתי מילואים",True,,,200,200
innovationisrael-org-il-b58bf5,תכנית יזמות טכנולוגית למשרתי מילואים ומשוחררים – רשות החדשנות ומשרד הביטחון,True,,*8041 052-4189734,200,200
earlystarters-org-il-916d67,"""זמן אבא"" – אבות במילואים וילדיהם",True,,0522927827,200,200
aguda-co-il-ae4041,"""תושייה"" – האגודה לבריאות הציבור",True,,02-5656900 077-900-2283,200,200
jewishagency-org-8adf2f,"Campers2Gether – מחנות קיץ בחו""ל לילדי מילואימניקים",True,,,200,200
onefamilytogether-org-7a58af,OneFamily – תוכניות טיפוליות לנפגעי טרור ומלחמה,True,,,200,200
natal-org-il-8a483f,"איינגאר יוגה מודעת טראומה – נט""ל",True,,*3362,200,200
idfwo-org-fa0927,"ארגון אלמנות ויתומי צה""ל",True,,03-6916483 03-6918403,200,200
s-45db30,החברה להגנת הטבע – מסעות חוסן לבני נוער אחרי טראומה,False,שם הגוף לא מופיע בעמוד,1-800-411-0966,200,
shikum-mod-gov-il-7dfee1,טיפול נפשי לבני משפחה של נכים ופצועים – אגף השיקום,True,,*3362 04-6406537 050-6644000 053-5476210 077-4146160 077-6047770 1-800-800-440,200,200
yadlabanim-org-14efc9,יד לבנים – תמיכה במשפחות שכולות,False,הטלפון במאגר לא מופיע בעמוד,0000000000 0000000009 0000000010 0000000015 0000000904 0000034957 0000035023 0000035239,200,200
s-4b36e4,מעטפת טיפולים רגשיים למשרתי מילואים ומשפחותיהם (2026),False,source_url לא נגיש (403) ; אין אף עמוד נגיש לאימות,,403,
natal-org-il-f3e9cb,"נט""ל – ליווי והדרכה להורים ובנות/בני זוג של לוחמים",True,,*3362 073-2363324,200,200
s-fc20bd,סבסוד קייטנות ודמי אבטלה לבני זוג של משרתי מילואים,False,source_url לא נגיש (403) ; אין אף עמוד נגיש לאימות,,403,
s-f20142,סיוע במימון טיפול זוגי למשרתי מילואים,False,source_url לא נגיש (403) ; אין אף עמוד נגיש לאימות,,403,
s-11279f,עיריית ירושלים – מערך תמיכה במילואימניקים ובמשפחותיהם,True,,,200,
shikum-mod-gov-il-b5c953,"הלוואה ומענק לכיסוי חובות לנכי צה""ל",False,הטלפון במאגר לא מופיע בעמוד,,200,200
mishpahot-hantzaha-mod-g-ac4a8b,"הלוואה לעסק עצמאי לבני משפחה של חללי צה""ל",False,הטלפון במאגר לא מופיע בעמוד,,200,200
shikum-mod-gov-il-cf90e9,"הנחה במס רכישה לנכי צה""ל וכוחות הביטחון",True,,,200,200
jewishagency-org-2acf93,הסוכנות היהודית – הלוואה בתנאים מיוחדים למשרתי מילואים,True,,,200,
yasharlachayal-org-c8a54e,ישר לחייל – מימון טיפולים לחיילים עם PTSD,False,שם הגוף לא מופיע בעמוד ; הטלפון במאגר לא מופיע בעמוד,,200,200
shikum-mod-gov-il-66adbb,"כלב שירות לנכי צה""ל עם פוסט טראומה – זכאות אגף השיקום",False,הטלפון במאגר לא מופיע בעמוד,,200,200
btl-gov-il-7e5880,כלב שירות לנפגעי פעולות איבה עם פוסט טראומה – ביטוח לאומי,True,,*2496 *6050 02-6269999 04-8812345 1-800-363-363,200,200
s-bedbcf,כרטיס Fighter והטבות למשרתי מילואים,False,source_url לא נגיש (403) ; אין אף עמוד נגיש לאימות,,403,
s-62e3dc,"מדיניות תגמולים, מענקים והטבות למשרתי המילואים – 2026",False,source_url לא נגיש (403) ; אין אף עמוד נגיש לאימות,,403,
behatsdaa-org-il-b27ba7,"מועדון ""בהצדעה"" – מועדון ההטבות של משרד הביטחון",True,,072-2585685,200,200
s-52f696,מענק למשרת מילואים שהוא הורה לילד עם צרכים מיוחדים,False,source_url לא נגיש (403) ; אין אף עמוד נגיש לאימות,,403,
s-26de9b,מענק משפחה מוגדל למשרתי צו 8,False,source_url לא נגיש (403) ; אין אף עמוד נגיש לאימות,,403,
s-ebf556,סיוע במימון טיפולים נפשיים אישיים ומשפחתיים למשרתי מילואים,False,source_url לא נגיש (403) ; אין אף עמוד נגיש לאימות,,403,
btl-gov-il-b92b34,סיוע ברכישת רכב רפואי לנפגעי פעולות איבה,True,,*2496 *6050 02-6269999 04-8812345,200,200
s-677d83,פיצוי לעצמאים משרתי מילואים – רשות המסים,True,,,200,
s-e8adff,פעילויות טרום שיקום לנפגעי פעולות איבה עם פוסט טראומה,False,source_url לא נגיש (403) ; אין אף עמוד נגיש לאימות,,403,
paamonim-org-9e02b4,פעמונים – ליווי כלכלי משפחתי חינם,False,הטלפון במאגר לא מופיע בעמוד,,200,200
miluim-idf-il-c6491b,קרן הסיוע למשרתי המילואים (Reservists Assistance Fund),False,source_url לא נגיש (403) ; website לא נגיש (403) ; אין אף עמוד נגיש לאימות,,403,403
michaellevinlonesoldier--303e34,קרן מייקל לוין לחיילים בודדים – מימון ייעוץ נפשי,False,שם הגוף לא מופיע בעמוד,,200,
btl-gov-il-60a11f,תגמולי מילואים – ביטוח לאומי (Reserve duty compensation),True,,*2496 *6050 02-6269999 04-8812345,200,200
s-96d265,תכנית הסיוע הממשלתית למשרתי המילואים 2026,True,,,200,
s-efa6f3,תשלומים והחזרי הוצאות בגין שירות מילואים,False,source_url לא נגיש (403) ; אין אף עמוד נגיש לאימות,,403,
shikum-mod-gov-il-bd7788,"הלוואה לשיפוץ דירה לנכי צה""ל וכוחות הביטחון",True,,,200,200
s-b9b962,ועדה להתאמת רכב ואביזרי נהיגה לאנשים עם מוגבלות,False,source_url לא נגיש (403) ; אין אף עמוד נגיש לאימות,,403,
s-bc4772,יד שרה – השאלת ציוד רפואי ושיקומי,True,,,200,
shikum-mod-gov-il-e019e4,מגורים בשכירות בדירה של משרד הביטחון,True,,,200,200
s-f2f87a,מענק לנכים השוכרים דירה בדיור הציבורי,False,source_url לא נגיש (403) ; אין אף עמוד נגיש לאימות,,403,
shikum-mod-gov-il-4e3d8f,"סיוע בהחלפת דירה לנכי צה""ל וכוחות הביטחון",True,,,200,200
shikum-mod-gov-il-da7821,"סיוע ברכישת דירה ראשונה לנכי צה""ל וכוחות הביטחון",True,,,200,200
s-bfb545,"""חוזרים לחיים"" – מרכז שיקום פצועי מלחמה, שיבא תל השומר",True,,03-5613699 03-7619056,200,
hospitals-clalit-co-il-2b9fa3,"בית לוינשטיין – מרכז רפואי לשיקום (כללית), רעננה",False,source_url לא נגיש (403) ; website לא נגיש (403) ; אין אף עמוד נגיש לאימות,,403,403
shikumil-org-il-5e31b1,המכון הלאומי לשיקום נוירופסיכולוגי (שיקומיל),True,,073-360-4609,200,
shikum-mod-gov-il-9a6f3c,המכון הרפואי לבטיחות בדרכים – הערכת כשירות נהיגה לאנשים עם מוגבלות,True,,,200,
s-e03e60,טיפול Deep TMS לפוסט-טראומה במימון אגף השיקום,True,,,200,
s-76e4e8,"טיפול בחמצן בתא לחץ (HBOT) לפוסט טראומה – מרכז סגול, שמיר (אסף הרופא)",True,,,200,
s-e680e9,"מילב""ת – ייעוץ והתאמת טכנולוגיה מסייעת",False,source_url לא נגיש (403) ; אין אף עמוד נגיש לאימות,,403,
s-d65cd7,"מרכז השיקום ע""ש גנדל – הדסה הר הצופים",False,שם הגוף לא מופיע בעמוד,,200,
s-0fc55e,סל שיקום בקהילה למתמודדי נפש – משרד הבריאות,True,,08-6241010,200,
shikum-mod-gov-il-352bd3,"קנביס רפואי לנכי צה""ל וכוחות הביטחון – מימון משרד הביטחון",True,,03-5724223,200,200
s-fee0a6,"רישיון קנביס רפואי ל-PTSD – משרד הבריאות (היק""ר)",False,source_url לא נגיש (403) ; אין אף עמוד נגיש לאימות,,403,
reuth-org-il-545599,"רעות – מרכז רפואי לשיקום, תל אביב (מרפאה לטראומה לחיילים)",True,,,200,200
shikum-mod-gov-il-b595ef,"תותבות יד ורגל לנכי צה""ל קטועי גפיים (אגף השיקום)",True,,02-6735535 03-5303718 03-5351002 03-5355033 03-5758575 03-6544425 03-6974000 03-9098148,200,200
s-2244d7,תותבות לנפגעי פעולות איבה קטועי גפיים (ביטוח לאומי),False,source_url לא נגיש (403) ; אין אף עמוד נגיש לאימות,,403,
seven-plus-org-il-435acd,7 פלוס – מעגלים של תקווה: טיפול פסיכולוגי מסובסד לנפגעי המלחמה,True,,,200,200
crossroadsjerusalem-org-c183e3,Crossroads Jerusalem – Israeli Warrior Wellness Program,False,הטלפון במאגר לא מופיע בעמוד,,200,
crossroadsjerusalem-org-4c6699,Crossroads – Mental Wellness on the Move,False,הטלפון במאגר לא מופיע בעמוד,,200,
ica-org-il-1ca6c6,ICA – המרכז הישראלי להתמכרויות ובריאות הנפש,True,,09-978-9510 09-9789500 09-9789510,200,200
inheal-org-251184,"InHeal – סדנת ""מתחילים מחדש"" למילואימניקים (מדיקל קר)",True,,03-5008899,200,200
shikum-mod-gov-il-6efac0,היחידה לתגובות קרב – אגף השיקום (Combat Reaction Unit),True,,03-6401400,200,200
icc-haifa-ac-il-aa368e,המרכז הקליני הבין-תחומי – אוניברסיטת חיפה,True,,04-8288621 04-8288622 1-800-300-032,200,200
israeltraumacoalition-or-c9ab2a,הקואליציה הישראלית לטראומה (Israel Trauma Coalition),True,,02-5844457 02-5848600 02-6722618 02-9939378 02-9969560 052-8451201 055-2779285 055-3063863,200,200
socsci4-tau-ac-il-ff99e5,הקליניקה של המרכז הלאומי לטראומה וחוסן – אוניברסיטת תל אביב,True,,03-6406900 050-2874955,200,
zaka-org-il-aaf3bf,"זק""א – מחלקת חוסן למתנדבים",True,,02-5015120,200,200
psychotherapy-haifa-ac-i-957b03,"טיפול חינם בדיכאון – מחקר המחלקה לפסיכולוגיה, אוניברסיטת חיפה",False,שם הגוף לא מופיע בעמוד ; הטלפון במאגר לא מופיע בעמוד,,200,
shikum-mod-gov-il-f802c3,טיפול נפשי בזמן תהליך ההכרה – אגף השיקום (Mental treatment during the recognition process),True,,02-6250634 03-5688181 03-6281552 04-6406537 050-6644000 052-3554685 077-4146160 077-6047770,200,200
shikum-mod-gov-il-61bb79,"טיפול נפשי לנכי צה""ל וכוחות הביטחון (Mental treatment for recognized disabled)",True,,0472334875,200,200
s-ae2f06,"טיפולים נפשיים, רגשיים ומשלימים לחטופים שחזרו ובני משפחותיהם – ביטוח לאומי",True,,*6050 03-5127118 04-8812345,200,
meuhedet-co-il-ace6c3,מאוחדת – כניסה לטיפול נפשי דרך מוקד *3833,False,שם הגוף לא מופיע בעמוד,*3833,200,
s-0bfef9,מוקדי תמיכה רגשית של קופות החולים,True,,*6050 02-5645024 02-6269999 02-6778153 03-7472010 04-6111891 04-6900603 04-7702649,200,
metiv-org-62ab60,מטיב – המרכז הישראלי לטיפול בפסיכוטראומה (הרצוג),False,שם הגוף לא מופיע בעמוד ; הטלפון במאגר לא מופיע בעמוד,,202,202
shikum-mod-gov-il-ca1087,"מענים טיפוליים של אגף השיקום (טיפול נפשי, חוות שיקומיות, רפואה משלימה, נוירופידבק)",True,,0472334875,200,200
tasmc-org-il-e92888,מרכז אסיף לטיפול בטראומה ופוסט טראומה – איכילוב,True,,03-6974977,200,
lonesoldiercenter-com-6cbf32,"מרכז הלוחמים הבודדים ע""ש מייקל לוין (Lone Soldier Center)",True,,02-502-2211 03-560-1931,200,
s-800178,מרכז חוסן מועצה אזורית אשכול,True,,*6050 02-5848600 02-6269999 04-8812345 04-9922091 052-3553407 055-3063863 072-221-2788,200,
s-fd7702,מרכז חוסן שדרות,True,,*6050 02-5848600 02-6269999 04-8812345 04-9922091 052-3553407 055-3063863 072-221-2788,200,
me-health-gov-il-cc17e9,מרכזי חוסן – משרד הבריאות (Resilience centers),False,הטלפון במאגר לא מופיע בעמוד,08-6241010,200,
cohenveteransnetwork-org-fe5188,מרפאת סטיבן א. כהן לוותיקים ומשפחות – שיבא מודיעין (Cohen Veterans Network),False,שם הגוף לא מופיע בעמוד,,200,
natal-org-il-e05ae2,"נט""ל – טיפול נפשי מסובסד וקבוצות תמיכה ללוחמים משוחררים",True,,*3362 073-2363324,200,200
metiv-org-fd5b53,ניסוי MDMA לפוסט טראומה במטיב (לאנשי כוחות הביטחון לשעבר),False,אין אף עמוד נגיש לאימות,,202,
clinicaltrials-gov-b9eb82,ניסוי קליני: טיפול בסיוע MDMA (פרטני וקבוצתי) ללוחמים ישראלים עם PTSD ופגיעה מוסרית,False,שם הגוף לא מופיע בעמוד ; הטלפון במאגר לא מופיע בעמוד,,200,
s-bfaaca,סיוע לנפגעי חרדה עקב פעולת איבה – ביטוח לאומי,True,,*6050 02-5848600 02-9969560 04-6900603 04-7702649 04-7702651 04-8812345 050-5727378,200,
ezermizion-org-f09662,עזר מציון – שירותי בריאות הנפש (Ezer Mizion),True,,,200,
emdr-org-il-b37aa3,עמותת EMDR ישראל – סיוע נפשי לנפגעי 'חרבות ברזל',True,,050-6681618,200,200
amcha-org-aa11a3,עמך – מרכזי סיוע נפשי,True,,02-6250745 03-5584054 03-5665701 03-6130425 03-6225301 03-9300577 04-6665566 04-8375649,200,
retorno-org-il-a0c306,רטורנו – גמילה מהתמכרויות,True,,02-999-8243 053-3773070 0533773070 058-6000881,200,200
retorno-org-df937f,רטורנו – פרויקט 'חיבוק ברזל' לשיקום לוחמים,False,שם הגוף לא מופיע בעמוד,053-840-0374,200,200
shikum-mod-gov-il-d71edb,"רפורמת ""נפש אחת"" באגף השיקום (One Soul reform)",True,,,200,200
apps-apple-com-abd84b,תכנית עמית – משרד הביטחון,True,,,200,
bshvil-org-b71303,בשביל המחר – מסעות בטבע לעיבוד חוויות לחימה (Bshvil Hamachar),False,הטלפון במאגר לא מופיע בעמוד,,200,200
natureisrael-org-2582ca,החברה להגנת הטבע – 'הטבע מרפא' למילואימניקים ומשפחותיהם,False,שם הגוף לא מופיע בעמוד,1-800-411-0966,200,
s-94ba7f,ריפוי בטבע (Healing in Nature),True,,021000089,200,
jnf-org-8fe538,'גיבור לגיבור' – גדולים במדים,False,שם הגוף לא מופיע בעמוד,,200,200
trauma4good-org-8d93cb,Trauma4Good,True,,052-6417641,200,200
achimlachaim-org-dd5002,אחים לחיים,True,,,200,200
inz-org-il-a865b4,"ארגון נכי צה""ל (Zahal Disabled Veterans Organization)",False,source_url לא נגיש (403) ; website לא נגיש (403) ; אין אף עמוד נגיש לאימות,,403,403
metiv-org-fcc03b,"מטיב – ""מסע שחרור"" (Peace of Mind) ללוחמים משוחררים",False,שם הגוף לא מופיע בעמוד ; הטלפון במאגר לא מופיע בעמוד,,202,202
maglan-org-216650,מרכז התמיכה לבוגרי מגלן – עמותת ידידי מגלן,False,שם הגוף לא מופיע בעמוד,02-6250634 03-6401400 03-6406900 050-2874955 052-477-9895 052-540-8983 054-292-2120 1-800-363-363,200,
shikum-mod-gov-il-d5816c,פעילות תמיכה של אגף השיקום בימי הזיכרון (בתים חמים וחוות שיקומיות),True,,,200,200
kehilat-or-org-il-d0f0b2,קהילת אור – לאנשים עם פגיעה מוחית ובני משפחותיהם,True,,,200,
tribeofnova-com-159d35,שבט נובה (Tribe of Nova),False,source_url לא נגיש (429) ; website לא נגיש (429) ; אין אף עמוד נגיש לאימות,,429,429
nbn-org-il-61e022,תוכנית החיילים הבודדים של נפש בנפש (NBN Lone Soldiers Program),True,,02-302-7007 02-659-5800,200,
terrauma-co-il-19fac6,TERRA UMA – 'מסע היין' לשיקום לוחמים,False,הטלפון במאגר לא מופיע בעמוד,,200,200
dannysfarm-org-il-0ca12f,החווה של דני – חוות חוסן (סתריה),True,,054-6809573,200,200
s-3a563f,"חוות דרך הלוחם ע""ש אמיר ירדנאי (Warriors Way Farm)",True,,,200,
vertigo-org-il-a2394e,חוות החוסן של ורטיגו – כפר האקו-ארט (Vertigo Resilience Farm),True,,02-9900235 050-249-9665 052-575-5949 054-228-8420 055-663-2203,200,
back2life-org-il-ac9911,"חוות חוזרים לחיות ע""ש אמיר (דני) ירדנאי – שדות ים (Back2Life)",False,הטלפון במאגר לא מופיע בעמוד,,200,200
unitywarriors-org-f03450,חוות נעלה – Unity Warriors Na'aleh Therapy Farm,True,,,200,200
havatrom-co-il-751df8,חוות רום – חווה שיקומית ליד כרמיאל,False,website לא נגיש (403),,200,403
rimon-farm-org-il-cf1296,חוות רימון – חוות אור הנר (שיקום קהילתי),True,,050-2229072,200,200
rimon-farm-org-il-c84ffb,חוות רימון – חוות להב (פוסט טראומה),True,,050-2229072 055-8870462,200,200
rimon-farm-org-il-b2586a,חוות רימון – חוות שקף (פוסט טראומה),True,,050-2229072 052-5380631,200,200
shikum-mod-gov-il-ae6b61,חוות שיקומיות של אגף השיקום (חוות חוסן),True,,,200,200
shikum-mod-gov-il-22016b,"הגשת בקשה להכרה בנכות – אגף השיקום, משרד הביטחון (MoD Rehabilitation Division – disability claim)",False,הטלפון במאגר לא מופיע בעמוד,051028163,200,200
histadrut-org-il-c2f25e,ההסתדרות – מוקד זכויות עובדים למשרתי מילואים ובני זוגם (*2383),True,,,200,
s-855b96,הכרה כנפגע/ת פעולות איבה – ביטוח לאומי (Victims of hostilities),True,,*6050 02-6269999 04-8812345,200,
shikum-mod-gov-il-4659a6,"המלצות ועדת מור-יוסף להרחבת המענים לפצועי צה""ל (2026)",True,,,200,200
s-12749c,הקלות לחיילי מילואים שהם הורים עצמאיים,False,source_url לא נגיש (403) ; אין אף עמוד נגיש לאימות,,403,
ono-ac-il-ad829a,הקליניקה להכרה בנכות צבאית – הקריה האקדמית אונו,True,,03-5311930,200,
s-d8fd54,זכויות נפגעי פגיעה מוחית טראומטית (TBI),False,source_url לא נגיש (403) ; אין אף עמוד נגיש לאימות,,403,
miluimnikim-org-069933,"ייעוץ וייצוג משפטי ללא עלות למילואימניקים – קהילת המילואימניקים ו""לתת עו""ד""",True,,050-6581893,200,200
s-ecf25e,כל זכות – מדריך למשרתי מילואים ובני משפחותיהם (חרבות ברזל והמלחמה מול איראן),False,source_url לא נגיש (403) ; אין אף עמוד נגיש לאימות,,403,
s-253d8d,"כל זכות – פורטל נכי צה""ל וכוחות הביטחון (Kol Zchut portal)",False,source_url לא נגיש (403) ; website לא נגיש (403) ; אין אף עמוד נגיש לאימות,,403,403
s-ff9abe,מדריך זכויות לפצועי חרבות ברזל – אגף השיקום,False,שם הגוף לא מופיע בעמוד,*6789 0000000000 0000000016 0000001096 0000002028 0000002156 0000003443 0000003557,200,
shikum-mod-gov-il-c3ea9e,"מסלול מהיר (""מסלול ירוק"") להכרה בפוסט טראומה",True,,,200,200
shikum-mod-gov-il-45dfba,מרכז 'בידיים טובות' – ליווי חינם בהגשת בקשה להכרה ולוועדה רפואית,True,,,200,
shikum-mod-gov-il-5af3f4,נכי משטרה – זכויות לפי חוק המשטרה (נכים ונספים) באמצעות אגף השיקום,True,,,200,200
s-b105bf,סיוע משפטי חינם מטעם משרד המשפטים לחיילים ונכים בהליכי הכרה,False,source_url לא נגיש (403) ; אין אף עמוד נגיש לאימות,,403,
api-miluim-idf-il-575bbf,"סיוע משפטי לחיילי מילואים – צה""ל",False,source_url לא נגיש (403) ; website לא נגיש (403) ; אין אף עמוד נגיש לאימות,,403,403
shikum-mod-gov-il-368e37,פורטל זכויות למתמודדים עם פגיעה נפשית – אגף השיקום,True,,,200,200
israelbar-org-il-ddeda0,פרו בונו – לשכת עורכי הדין,False,website לא נגיש (403),,200,403
btl-gov-il-5fe861,רפורמת 'נפש אחת' לנפגעי איבה – ביטוח לאומי,True,,*6050 03-5127118 04-8812345 1-800-363-363,200,
shikum-mod-gov-il-72767d,"תכנית תל""ם – תמיכה, ליווי ומיצוי זכויות לפצועי מלחמת התקומה",False,הטלפון במאגר לא מופיע בעמוד,,200,
etgarim-org-7af9a1,אתגרים – ספורטאי אתגרים לפצועי חרבות ברזל,True,,03-5613585 050-8801118 052-2400222 052-3121179 052-3201671 052-6804400 052-8966970 0529256672,200,200
isad-org-il-f6a52d,ההתאחדות הישראלית לספורט נכים – הכוונה לספורט פראלימפי לפצועי מלחמה,False,source_url לא נגיש (403) ; הטלפון במאגר לא מופיע בעמוד,,403,200
israelparasport-org-9f2f5c,"המרכז הישראלי לספורט נכים ע""ש ספיבק – אילן (Israel ParaSport Center)",False,הטלפון במאגר לא מופיע בעמוד,,200,200
thenextstep-org-il-e50f8a,הצעד הבא – הבית לקטועי גפיים בישראל,True,,1-700-554-700,200,
invictusgamesfoundation--ee5b32,נבחרת ישראל במשחקי האינוויקטוס (Invictus Games),True,,,200,
natal-org-il-aae858,"רצים עם רמי – קבוצות ריצה והליכה למתמודדי טראומה (נט""ל)",True,,*3362,200,200
hagalsheli-co-il-225e7f,הגל שלי – גלישה טיפולית ללוחמים,True,,03-6029293,200,200
etgarim-org-ea7876,הספינה שטה – שיט טיפולי לנפגעי פוסט טראומה (אתגרים),True,,03-5613585 054-8957201,200,200
shikum-mod-gov-il-4f9c0b,"טיפול ימי במסגרת 'נפש אחת' (אגף השיקום, משרד הביטחון)",False,source_url לא נגיש (429) ; הטלפון במאגר לא מופיע בעמוד,,429,200
yamtov-com-79f4ce,ימטוב – גלישה ושיט טיפולי ללוחמים (YamTov),False,website לא נגיש (429),,200,429
brothersin-yoga-b85612,אחים ליוגה (Brothers in Yoga),True,,050-2688240,200,
healingspace-co-il-0d251f,חוות מרפא רשפון – צמיחה מטראומה (Healing Space Rishpon),False,הטלפון במאגר לא מופיע בעמוד,,200,200
s-890574,טיפולים אלטרנטיביים לנפגעי פעולות איבה עם פוסט טראומה (נפש אחת) – ביטוח לאומי,True,,*6050 04-8812345 1-800-363-363,200,
shikumme-co-il-2c0e2a,סל טיפולים משלימים (אלטרנטיביים) לנכים עם פוסט טראומה,True,,054-707-8213 074-7174830,200,200
